2,2,3.2878,4,4,4,1,1,1,1,1,1,1,1,1,1,1,1,1,1,1,1,1,1,1,1,1,1,1,1,1,1,1,1,1,1,1,1,1,1,1,1,1,1,1,1,1,1,1,1,1,1,1,1,1,1,1,1,1,1,1,1,1,1,1,1,1,1,1,1,1,1,1,1,4,4,4,2.7659,2,2
2,2,2.3079,3.4516,4,4,4,1,1,1,1,1,1,1,1,1,1,1,1,1,1,1,1,1,1,1,1,1,1,1,1,1,1,1,1,1,1,1,1,1,1,1,1,1,1,1,1,1,1,1,1,1,1,1,1,1,1,1,1,1,1,1,1,1,1,1,1,1,1,1,1,1,1,4,4,3.9128,3.1838,2.0545,2,2
3.2702,2.3074,2.2325,2.7901,3.2492,3.81,4,4,1,1,1,1,1,1,1,1,1,1,1,1,1,1,1,1,1,1,1,1,1,1,1,1,1,1,1,1,1,1,1,1,1,1,1,1,1,1,1,1,1,1,1,1,1,1,1,1,1,1,1,1,1,1,1,1,1,1,1,1,1,1,1,1,4,4,3.5621,3.195,2.6749,2.0664,2.0424,2.4201
4,3.4447,2.7906,2.7743,3.0167,3.2041,3.7327,4,4,1,1,1,1,1,1,1,1,1,1,1,1,1,1,1,1,1,1,1,1,1,1,1,1,1,1,1,1,1,1,1,1,1,1,1,1,1,1,1,1,1,1,1,1,1,1,1,1,1,1,1,1,1,1,1,1,1,1,1,1,1,1,4,4,3.4994,3.3122,3.0213,2.7049,2.6511,3.069,3.9783
4,4,3.2458,3.014,3.0213,3.1228,3.2014,3.6991,4,4,1,1,1,1,1,1,1,1,1,1,1,1,1,1,1,1,1,1,1,1,1,1,1,1,1,1,1,1,1,1,1,1,1,1,1,1,1,1,1,1,1,1,1,1,1,1,1,1,1,1,1,1,1,1,1,1,1,1,1,1,4,4,3.5052,3.3946,3.2217,3.0519,3.0027,3.1888,3.9397,4
4,4,3.8052,3.1978,3.1208,3.1301,3.1747,3.2116,3.6827,4,4,1,1,1,1,1,1,1,1,1,1,1,1,1,1,1,1,1,1,1,1,1,1,1,1,1,1,1,1,1,1,1,1,1,1,1,1,1,1,1,1,1,1,1,1,1,1,1,1,1,1,1,1,1,1,1,1,1,1,4,4,3.5179,3.4492,3.3424,3.2457,3.2083,3.3055,3.6115,4,4
1,4,4,3.7287,3.1963,3.1738,3.179,3.2016,3.2223,3.6744,4,4,1,1,1,1,1,1,1,1,1,1,1,1,1,1,1,1,1,1,1,1,1,1,1,1,1,1,1,1,1,1,1,1,1,1,1,1,1,1,1,1,1,1,1,1,1,1,1,1,1,1,1,1,1,1,1,1,4,4,3.5218,3.4823,3.4152,3.3565,3.3284,3.373,3.5251,3.8449,4,4
1,1,4,4,3.695,3.2093,3.2014,3.203,3.2164,3.2298,3.671,4,4,1,1,1,1,1,1,1,1,1,1,1,1,1,1,1,1,1,1,1,1,1,1,1,1,1,1,1,1,1,1,1,1,1,1,1,1,1,1,1,1,1,1,1,1,1,1,1,1,1,1,1,1,1,1,4,4,3.5179,3.5004,3.4594,3.4222,3.3993,3.4137,3.487,3.6232,4,4,1
1,1,1,4,4,3.6776,3.2217,3.2159,3.2159,3.2249,3.234,3.6709,4,4,1,1,1,1,1,1,1,1,1,1,1,1,1,1,1,1,1,1,1,1,1,1,1,1,1,1,1,1,1,1,1,1,1,1,1,1,1,1,1,1,1,1,1,1,1,1,1,1,1,1,1,1,4,4,3.5112,3.5094,3.4873,3.4639,3.4446,3.4422,3.4706,3.5199,4,4,1,1
1,1,1,1,4,4,3.6681,3.2288,3.2234,3.2233,3.2301,3.2357,3.6729,4,4,1,1,1,1,1,1,1,1,1,1,1,1,1,1,1,1,1,1,1,1,1,1,1,1,1,1,1,1,1,1,1,1,1,1,1,1,1,1,1,1,1,1,1,1,1,1,1,1,1,1,4,4,3.5065,3.5139,3.5065,3.4935,3.4784,3.4675,3.4707,3.4766,4,4,1,1,1
1,1,1,1,1,4,4,3.6629,3.2302,3.2265,3.2281,3.2336,3.237,3.6757,4,4,1,1,1,1,1,1,1,1,1,1,1,1,1,1,1,1,1,1,1,1,1,1,1,1,1,1,1,1,1,1,1,1,1,1,1,1,1,1,1,1,1,1,1,1,1,1,1,1,4,4,3.5067,3.5176,3.5209,3.5166,3.5072,3.4945,3.4849,3.4669,4,4,1,1,1,1
1,1,1,1,1,1,4,4,3.6603,3.2269,3.2272,3.2325,3.2376,3.2404,3.6781,4,4,1,1,1,1,1,1,1,1,1,1,1,1,1,1,1,1,1,1,1,1,1,1,1,1,1,1,1,1,1,1,1,1,1,1,1,1,1,1,1,1,1,1,1,1,1,1,4,4,3.5125,3.5226,3.5324,3.535,3.5328,3.524,3.5112,3.4802,4,4,1,1,1,1,1
1,1,1,1,1,1,1,4,4,3.6589,3.2209,3.2276,3.2379,3.2439,3.2481,3.679,4,4,1,1,1,1,1,1,1,1,1,1,1,1,1,1,1,1,1,1,1,1,1,1,1,1,1,1,1,1,1,1,1,1,1,1,1,1,1,1,1,1,1,1,1,1,4,4,3.523,3.5302,3.5419,3.5488,3.5534,3.5524,3.5466,3.5127,4,4,1,1,1,1,1,1
1,1,1,1,1,1,1,1,4,4,3.657,3.216,3.2304,3.2458,3.2539,3.2606,3.6785,4,4,1,1,1,1,1,1,1,1,1,1,1,1,1,1,1,1,1,1,1,1,1,1,1,1,1,1,1,1,1,1,1,1,1,1,1,1,1,1,1,1,1,1,4,4,3.5359,3.5401,3.5504,3.559,3.5678,3.5743,3.5813,3.5574,4,4,1,1,1,1,1,1,1
1,1,1,1,1,1,1,1,1,4,4,3.6526,3.2164,3.2382,3.257,3.2677,3.2773,3.6772,4,4,1,1,1,1,1,1,1,1,1,1,1,1,1,1,1,1,1,1,1,1,1,1,1,1,1,1,1,1,1,1,1,1,1,1,1,1,1,1,1,1,4,4,3.5492,3.5508,3.5584,3.5669,3.5773,3.5881,3.6039,3.5983,4,4,4,1,1,1,1,1,1,1
1,1,1,1,1,1,1,1,1,1,4,4,3.6427,3.2266,3.2529,3.272,3.2846,3.2968,3.6763,4,4,1,1,1,1,1,1,1,1,1,1,1,1,1,1,1,1,1,1,1,1,1,1,1,1,1,1,1,1,1,1,1,1,1,1,1,1,1,1,4,4,3.5613,3.5612,3.566,3.5734,3.5835,3.5957,3.6161,3.6248,3.9889,4,4,1,1,1,1,1,1,1,1
1,1,1,1,1,1,1,1,1,1,1,4,4,3.6223,3.2485,3.2742,3.2895,3.3028,3.3167,3.6774,4,4,1,1,1,1,1,1,1,1,1,1,1,1,1,1,1,1,1,1,1,1,1,1,1,1,1,1,1,1,1,1,1,1,1,1,1,1,4,4,3.5716,3.5705,3.573,3.5787,3.5874,3.5989,3.6176,3.6344,3.9093,4,4,1,1,1,1,1,1,1,1,1
1,1,1,1,1,1,1,1,1,1,1,1,4,4,3.59,3.2786,3.2974,3.3075,3.3201,3.3342,3.6824,4,4,1,1,1,1,1,1,1,1,1,1,1,1,1,1,1,1,1,1,1,1,1,1,1,1,1,1,1,1,1,1,1,1,1,1,4,4,3.5801,3.5785,3.5794,3.5834,3.5902,3.5996,3.6141,3.6297,3.8578,4,4,1,1,1,1,1,1,1,1,1,1
1,1,1,1,1,1,1,1,1,1,1,1,1,4,4,3.5564,3.3097,3.3191,3.324,3.3346,3.3463,3.6921,4,4,1,1,1,1,1,1,1,1,1,1,1,1,1,1,1,1,1,1,1,1,1,1,1,1,1,1,1,1,1,1,1,1,4,4,3.5872,3.5854,3.5852,3.5877,3.5926,3.5996,3.6099,3.6209,3.8267,4,4,1,1,1,1,1,1,1,1,1,1,1
1,1,1,1,1,1,1,1,1,1,1,1,1,1,4,4,3.5284,3.3365,3.3367,3.3371,3.3444,3.3519,3.7064,4,4,1,1,1,1,1,1,1,1,1,1,1,1,1,1,1,1,1,1,1,1,1,1,1,1,1,1,1,1,1,1,4,4,3.5932,3.5914,3.5904,3.5919,3.5953,3.6003,3.6069,3.6136,3.8047,4,4,1,1,1,1,1,1,1,1,1,1,1,1
1,1,1,1,1,1,1,1,1,1,1,1,1,1,1,4,4,3.508,3.3559,3.3492,3.3459,3.3495,3.3528,3.7228,4,4,1,1,1,1,1,1,1,1,1,1,1,1,1,1,1,1,1,1,1,1,1,1,1,1,1,1,1,1,4,4,3.5986,3.5969,3.5953,3.596,3.5985,3.6023,3.6063,3.6096,3.7859,4,4,1,1,1,1,1,1,1,1,1,1,1,1,1
1,1,1,1,1,1,1,1,1,1,1,1,1,1,1,1,4,4,3.4945,3.3673,3.356,3.3502,3.3512,3.3507,3.741,4,4,1,1,1,1,1,1,1,1,1,1,1,1,1,1,1,1,1,1,1,1,1,1,1,1,1,1,4,4,3.6036,3.602,3.6,3.6001,3.602,3.6055,3.6097,3.6112,3.7655,4,4,1,1,1,1,1,1,1,1,1,1,1,1,1,1
1,1,1,1,1,1,1,1,1,1,1,1,1,1,1,1,1,4,4,3.4861,3.3706,3.3576,3.3511,3.3505,3.3473,3.7587,4,4,1,1,1,1,1,1,1,1,1,1,1,1,1,1,1,1,1,1,1,1,1,1,1,1,4,4,3.6086,3.607,3.6046,3.6041,3.6055,3.6088,3.6148,3.6181,3.7364,4,4,1,1,1,1,1,1,1,1,1,1,1,1,1,1,1
1,1,1,1,1,1,1,1,1,1,1,1,1,1,1,1,1,4,4,4,3.4816,3.3662,3.3549,3.3504,3.3493,3.345,3.7747,4,4,1,1,1,1,1,1,1,1,1,1,1,1,1,1,1,1,1,1,1,1,1,1,4,4,3.6145,3.6119,3.6093,3.608,3.6088,3.6118,3.6188,3.6257,3.7036,4,4,1,1,1,1,1,1,1,1,1,1,1,1,1,1,1,1
1,1,1,1,1,1,1,1,1,1,1,1,1,1,1,1,1,1,4,4,4,3.4801,3.3557,3.3501,3.35,3.3495,3.346,3.7888,4,4,1,1,1,1,1,1,1,1,1,1,1,1,1,1,1,1,1,1,1,1,4,4,3.6222,3.6174,3.6138,3.6115,3.6114,3.6138,3.6203,3.6295,3.6748,4,4,1,1,1,1,1,1,1,1,1,1,1,1,1,1,1,1,1
1,1,1,1,1,1,1,1,1,1,1,1,1,1,1,1,1,1,1,4,4,4,3.4808,3.3429,3.346,3.3519,3.3527,3.3516,3.8003,4,4,1,1,1,1,1,1,1,1,1,1,1,1,1,1,1,1,1,1,4,4,3.633,3.6237,3.618,3.6141,3.6129,3.6143,3.6193,3.6279,3.6522,4,4,1,1,1,1,1,1,1,1,1,1,1,1,1,1,1,1,1,1
1,1,1,1,1,1,1,1,1,1,1,1,1,1,1,1,1,1,1,1,4,4,4,3.4821,3.3335,3.3462,3.3572,3.3599,3.3617,3.8092,4,4,1,1,1,1,1,1,1,1,1,1,1,1,1,1,1,1,4,4,3.6489,3.631,3.6216,3.6154,3.6129,3.6131,3.6164,3.6227,3.6358,4,4,1,1,1,1,1,1,1,1,1,1,1,1,1,1,1,1,1,1,1
1,1,1,1,1,1,1,1,1,1,1,1,1,1,1,1,1,1,1,1,1,4,4,4,3.4815,3.3331,3.3532,3.3665,3.3707,3.3753,3.8162,4,4,1,1,1,1,1,1,1,1,1,1,1,1,1,1,4,4,3.6736,3.6384,3.624,3.6149,3.6109,3.6102,3.6121,3.616,3.6235,4,4,1,1,1,1,1,1,1,1,1,1,1,1,1,1,1,1,1,1,1,1
1,1,1,1,1,1,1,1,1,1,1,1,1,1,1,1,1,1,1,1,1,1,4,4,4,3.4774,3.3455,3.3673,3.3785,3.3838,3.3902,3.8228,4,4,1,1,1,1,1,1,1,1,1,1,1,1,4,4,3.7125,3.6431,3.6241,3.6116,3.6065,3.6052,3.6066,3.6088,3.6135,4,4,1,1,1,1,1,1,1,1,1,1,1,1,1,1,1,1,1,1,1,1,1
1,1,1,1,1,1,1,1,1,1,1,1,1,1,1,1,1,1,1,1,1,1,1,4,4,4,3.4705,3.3695,3.3855,3.3912,3.3967,3.4044,3.831,4,4,1,1,1,1,1,1,1,1,1,1,4,4,3.7693,3.6423,3.6207,3.6046,3.5989,3.5979,3.5996,3.6016,3.605,4,4,1,1,1,1,1,1,1,1,1,1,1,1,1,1,1,1,1,1,1,1,1,1
1,1,1,1,1,1,1,1,1,1,1,1,1,1,1,1,1,1,1,1,1,1,1,1,4,4,4,3.4641,3.3983,3.4026,3.402,3.4072,3.4163,3.8435,4,4,1,1,1,1,1,1,1,1,4,4,3.8463,3.6383,3.6122,3.5932,3.5872,3.5875,3.5908,3.5944,3.5976,4,4,1,1,1,1,1,1,1,1,1,1,1,1,1,1,1,1,1,1,1,1,1,1,1
1,1,1,1,1,1,1,1,1,1,1,1,1,1,1,1,1,1,1,1,1,1,1,1,1,4,4,4,3.4621,3.4218,3.4123,3.4076,3.4131,3.426,3.8653,4,4,1,1,1,1,1,1,4,4,3.9569,3.6371,3.5985,3.5746,3.5692,3.5728,3.5798,3.5869,3.5911,4,4,1,1,1,1,1,1,1,1,1,1,1,1,1,1,1,1,1,1,1,1,1,1,1,1
1,1,1,1,1,1,1,1,1,1,1,1,1,1,1,1,1,1,1,1,1,1,1,1,1,1,4,4,4,3.4562,3.4276,3.4125,3.4053,3.4126,3.434,3.9083,4,4,1,1,1,1,1,4,4,3.6227,3.5787,3.5426,3.5401,3.5507,3.5651,3.5788,3.5856,4,4,1,1,1,1,1,1,1,1,1,1,1,1,1,1,1,1,1,1,1,1,1,1,1,1,1
1,1,1,1,1,1,1,1,1,1,1,1,1,1,1,1,1,1,1,1,1,1,1,1,1,1,1,4,4,4,3.4466,3.4244,3.4023,3.3899,3.4009,3.4383,3.9977,4,4,1,1,1,4,4,3.5545,3.5386,3.4861,3.4909,3.5153,3.5445,3.5696,3.5815,4,4,1,1,1,1,1,1,1,1,1,1,1,1,1,1,1,1,1,1,1,1,1,1,1,1,1,1
1,1,1,1,1,1,1,1,1,1,1,1,1,1,1,1,1,1,1,1,1,1,1,1,1,1,1,1,4,4,4,3.4412,3.4129,3.3746,3.3492,3.3679,3.435,4,4,1,1,4,4,3.4993,3.4538,3.391,3.4078,3.4567,3.5138,3.5598,3.5806,4,4,1,1,1,1,1,1,1,1,1,1,1,1,1,1,1,1,1,1,1,1,1,1,1,1,1,1,1
1,1,1,1,1,1,1,1,1,1,1,1,1,1,1,1,1,1,1,1,1,1,1,1,1,1,1,1,1,4,4,4,3.4387,3.3877,3.3121,3.2614,3.2927,3.4414,4,4,4,4,3.6043,3.3614,3.2452,3.2691,3.3581,3.4659,3.5502,3.5878,4,4,1,1,1,1,1,1,1,1,1,1,1,1,1,1,1,1,1,1,1,1,1,1,1,1,1,1,1,1
1,1,1,1,1,1,1,1,1,1,1,1,1,1,1,1,1,1,1,1,1,1,1,1,1,1,1,1,1,1,4,4,4,3.4399,3.3329,3.179,3.084,3.1451,3.5803,4,4,4,3.3049,3.0336,3.042,3.1897,3.3875,3.5434,3.6142,4,4,1,1,1,1,1,1,1,1,1,1,1,1,1,1,1,1,1,1,1,1,1,1,1,1,1,1,1,1,1
1,1,1,1,1,1,1,1,1,1,1,1,1,1,1,1,1,1,1,1,1,1,1,1,1,1,1,1,1,1,1,4,4,4,3.4461,3.2146,2.9115,2.7496,2.939,4,4,3.4987,2.7056,2.6655,2.897,3.2547,3.5474,3.684,4,4,1,1,1,1,1,1,1,1,1,1,1,1,1,1,1,1,1,1,1,1,1,1,1,1,1,1,1,1,1,1
1,1,1,1,1,1,1,1,1,1,1,1,1,1,1,1,1,1,1,1,1,1,1,1,1,1,1,1,1,1,1,1,4,4,4,3.5262,3.0105,2.404,2.1275,2.6412,3.1348,2.1348,2.0385,2.3705,3.0303,3.5962,3.8417,4,4,1,1,1,1,1,1,1,1,1,1,1,1,1,1,1,1,1,1,1,1,1,1,1,1,1,1,1,1,1,1,1
1,1,1,1,1,1,1,1,1,1,1,1,1,1,1,1,1,1,1,1,1,1,1,1,1,1,1,1,1,1,1,1,1,4,4,4,3.9586,2.7858,2,2,2,2,2,2.6177,3.7902,4,4,4,1,1,1,1,1,1,1,1,1,1,1,1,1,1,1,1,1,1,1,1,1,1,1,1,1,1,1,1,1,1,1,1
1,1,1,1,1,1,1,1,1,1,1,1,1,1,1,1,1,1,1,1,1,1,1,1,1,1,1,1,1,1,1,1,1,1,4,4,4,3.5794,2,2,2,2,2,3.299,4,4,4,1,1,1,1,1,1,1,1,1,1,1,1,1,1,1,1,1,1,1,1,1,1,1,1,1,1,1,1,1,1,1,1,1
1,1,1,1,1,1,1,1,1,1,1,1,1,1,1,1,1,1,1,1,1,1,1,1,1,1,1,1,1,1,1,1,1,1,4,4,4,2.8846,2,2,2,2,2,2.8133,4,4,4,1,1,1,1,1,1,1,1,1,1,1,1,1,1,1,1,1,1,1,1,1,1,1,1,1,1,1,1,1,1,1,1,1
1,1,1,1,1,1,1,1,1,1,1,1,1,1,1,1,1,1,1,1,1,1,1,1,1,1,1,1,1,1,1,1,4,4,4,3.5953,3.0084,2.1802,2,2,2,2,2,2.129,3.0023,3.6448,4,4,4,1,1,1,1,1,1,1,1,1,1,1,1,1,1,1,1,1,1,1,1,1,1,1,1,1,1,1,1,1,1,1
1,1,1,1,1,1,1,1,1,1,1,1,1,1,1,1,1,1,1,1,1,1,1,1,1,1,1,1,1,1,1,4,4,3.7353,3.5477,3.2142,2.7276,2.2256,2.038,2.2712,2.7004,2.0532,2,2.151,2.6968,3.2108,3.5886,3.8088,4,4,1,1,1,1,1,1,1,1,1,1,1,1,1,1,1,1,1,1,1,1,1,1,1,1,1,1,1,1,1,1
1,1,1,1,1,1,1,1,1,1,1,1,1,1,1,1,1,1,1,1,1,1,1,1,1,1,1,1,1,1,4,4,3.5812,3.528,3.3296,3.0571,2.785,2.6599,2.8597,3.787,4,3.3449,2.6176,2.5465,2.726,3.0367,3.3389,3.578,3.6636,4,4,1,1,1,1,1,1,1,1,1,1,1,1,1,1,1,1,1,1,1,1,1,1,1,1,1,1,1,1,1
1,1,1,1,1,1,1,1,1,1,1,1,1,1,1,1,1,1,1,1,1,1,1,1,1,1,1,1,1,4,4,3.5775,3.5496,3.4183,3.2622,3.1076,3.0333,3.1398,3.5707,4,4,4,3.2629,2.971,2.9492,3.0678,3.2534,3.4328,3.5908,3.6474,4,4,1,1,1,1,1,1,1,1,1,1,1,1,1,1,1,1,1,1,1,1,1,1,1,1,1,1,1,1
1,1,1,1,1,1,1,1,1,1,1,1,1,1,1,1,1,1,1,1,1,1,1,1,1,1,1,4,4,4,3.6471,3.6003,3.4947,3.3958,3.3017,3.2557,3.311,3.5244,3.9797,4,4,4,3.6469,3.374,3.2146,3.2098,3.2839,3.3989,3.5132,3.6282,3.6848,4,4,4,1,1,1,1,1,1,1,1,1,1,1,1,1,1,1,1,1,1,1,1,1,1,1,1,1,1
1,1,1,1,1,1,1,1,1,1,1,1,1,1,1,1,1,1,1,1,1,1,1,1,1,1,4,4,3.9955,3.7266,3.6595,3.5618,3.4883,3.424,3.3922,3.4184,3.5381,3.7367,4,4,1,4,4,3.6137,3.4926,3.3851,3.3805,3.4277,3.5039,3.5859,3.6785,3.7419,4,4,4,1,1,1,1,1,1,1,1,1,1,1,1,1,1,1,1,1,1,1,1,1,1,1,1,1
1,1,1,1,1,1,1,1,1,1,1,1,1,1,1,1,1,1,1,1,1,1,1,1,1,4,4,3.8642,3.7589,3.6984,3.6156,3.5549,3.5051,3.4794,3.4893,3.5583,3.6503,4,4,1,1,1,4,4,3.6811,3.5668,3.4978,3.4938,3.5274,3.5836,3.6489,3.7294,3.7938,3.9346,4,4,1,1,1,1,1,1,1,1,1,1,1,1,1,1,1,1,1,1,1,1,1,1,1,1
1,1,1,1,1,1,1,1,1,1,1,1,1,1,1,1,1,1,1,1,1,1,1,1,4,4,3.7938,3.7492,3.7079,3.652,3.6026,3.5613,3.5381,3.5387,3.5785,3.6291,4,4,1,1,1,1,1,4,3.9076,3.6995,3.6095,3.57,3.5708,3.5983,3.6434,3.6972,3.7618,3.8081,3.8409,4,4,1,1,1,1,1,1,1,1,1,1,1,1,1,1,1,1,1,1,1,1,1,1,1
1,1,1,1,1,1,1,1,1,1,1,1,1,1,1,1,1,1,1,1,1,1,1,4,4,3.7511,3.7334,3.7078,3.671,3.6339,3.6008,3.5794,3.5745,3.5969,3.6288,4,4,1,1,1,1,1,1,4,4,3.7788,3.6923,3.6376,3.6182,3.6243,3.6488,3.6855,3.7265,3.7658,3.7907,3.7978,4,4,1,1,1,1,1,1,1,1,1,1,1,1,1,1,1,1,1,1,1,1,1,1
1,1,1,1,1,1,1,1,1,1,1,1,1,1,1,1,1,1,1,1,1,1,4,4,3.7247,3.7186,3.7036,3.6797,3.6533,3.6278,3.609,3.601,3.6123,3.6326,4,4,1,1,1,1,1,1,1,1,4,4,3.7283,3.6878,3.6589,3.6524,3.662,3.6833,3.7109,3.7386,3.7609,3.7727,3.7735,4,4,1,1,1,1,1,1,1,1,1,1,1,1,1,1,1,1,1,1,1,1,1
1,1,1,1,1,1,1,1,1,1,1,1,1,1,1,1,1,1,1,1,1,4,4,3.708,3.7064,3.6981,3.683,3.6646,3.6456,3.6298,3.6207,3.6245,3.6358,4,4,1,1,1,1,1,1,1,1,1,1,4,4,3.7087,3.6896,3.6767,3.6776,3.6882,3.7051,3.7244,3.7418,3.754,3.7594,3.7587,4,4,1,1,1,1,1,1,1,1,1,1,1,1,1,1,1,1,1,1,1,1
1,1,1,1,1,1,1,1,1,1,1,1,1,1,1,1,1,1,1,1,4,4,3.6971,3.6971,3.6926,3.6833,3.6708,3.6569,3.6441,3.635,3.6335,3.6376,4,4,1,1,1,1,1,1,1,1,1,1,1,1,4,4,3.7035,3.6958,3.692,3.6962,3.7056,3.718,3.7306,3.741,3.7477,3.7503,3.7494,4,4,1,1,1,1,1,1,1,1,1,1,1,1,1,1,1,1,1,1,1
1,1,1,1,1,1,1,1,1,1,1,1,1,1,1,1,1,1,1,4,4,3.6898,3.6902,3.6877,3.682,3.6736,3.6636,3.6535,3.645,3.64,3.6387,4,4,1,1,1,1,1,1,1,1,1,1,1,1,1,1,4,4,3.7055,3.7042,3.7048,3.7095,3.7168,3.7251,3.7329,3.7389,3.7425,3.744,3.7435,4,4,1,1,1,1,1,1,1,1,1,1,1,1,1,1,1,1,1,1
1,1,1,1,1,1,1,1,1,1,1,1,1,1,1,1,1,1,4,4,3.6846,3.6851,3.6834,3.6798,3.6743,3.6671,3.6593,3.6517,3.6449,3.64,4,4,1,1,1,1,1,1,1,1,1,1,1,1,1,1,1,1,4,4,3.7115,3.7132,3.7151,3.7189,3.7237,3.7288,3.7333,3.7366,3.7385,3.7398,3.7397,4,4,1,1,1,1,1,1,1,1,1,1,1,1,1,1,1,1,1
1,1,1,1,1,1,1,1,1,1,1,1,1,1,1,1,1,4,4,3.6806,3.681,3.6797,3.6774,3.6737,3.6687,3.6626,3.6561,3.6489,3.6423,4,4,1,1,1,1,1,1,1,1,1,1,1,1,1,1,1,1,1,1,4,4,3.7195,3.722,3.7231,3.7252,3.7278,3.7305,3.7328,3.7345,3.7356,3.7369,3.7372,4,4,1,1,1,1,1,1,1,1,1,1,1,1,1,1,1,1
1,1,1,1,1,1,1,1,1,1,1,1,1,1,1,1,4,4,3.6771,3.6776,3.6765,3.6751,3.6726,3.669,3.6644,3.659,3.6525,3.6457,4,4,1,1,1,1,1,1,1,1,1,1,1,1,1,1,1,1,1,1,1,1,4,4,3.7283,3.7297,3.7291,3.7295,3.7301,3.7311,3.7321,3.7329,3.7337,3.735,3.7356,4,4,1,1,1,1,1,1,1,1,1,1,1,1,1,1,1
1,1,1,1,1,1,1,1,1,1,1,1,1,1,1,4,4,3.6738,3.6744,3.6738,3.6729,3.6713,3.6687,3.6653,3.6611,3.6557,3.6497,4,4,1,1,1,1,1,1,1,1,1,1,1,1,1,1,1,1,1,1,1,1,1,1,4,4,3.7367,3.7361,3.7334,3.7322,3.7315,3.7313,3.7314,3.7318,3.7324,3.7338,3.7345,4,4,1,1,1,1,1,1,1,1,1,1,1,1,1,1
1,1,1,1,1,1,1,1,1,1,1,1,1,1,4,4,3.6702,3.6713,3.6712,3.671,3.67,3.6683,3.6658,3.6626,3.6585,3.6538,4,4,1,1,1,1,1,1,1,1,1,1,1,1,1,1,1,1,1,1,1,1,1,1,1,1,4,4,3.7437,3.7409,3.7364,3.7339,3.7322,3.7313,3.7309,3.7311,3.7317,3.7331,3.7339,4,4,1,1,1,1,1,1,1,1,1,1,1,1,1
1,1,1,1,1,1,1,1,1,1,1,1,1,4,4,3.6662,3.668,3.6687,3.6691,3.6689,3.6679,3.6662,3.6639,3.661,3.6575,4,4,1,1,1,1,1,1,1,1,1,1,1,1,1,1,1,1,1,1,1,1,1,1,1,1,1,1,4,4,3.7487,3.744,3.7381,3.7348,3.7325,3.7313,3.7307,3.7308,3.7314,3.7328,3.7336,4,4,1,1,1,1,1,1,1,1,1,1,1,1
1,1,1,1,1,1,1,1,1,1,1,1,4,4,3.6614,3.6642,3.6661,3.6674,3.668,3.6677,3.6667,3.6651,3.6632,3.6606,4,4,1,1,1,1,1,1,1,1,1,1,1,1,1,1,1,1,1,1,1,1,1,1,1,1,1,1,1,1,4,4,3.7514,3.7454,3.7389,3.7351,3.7326,3.7313,3.7307,3.7308,3.7314,3.7327,3.7336,4,4,1,1,1,1,1,1,1,1,1,1,1
1,1,1,1,1,1,1,1,1,1,1,4,4,3.6557,3.6597,3.6632,3.6656,3.6672,3.6677,3.6674,3.6664,3.6652,3.6632,4,4,1,1,1,1,1,1,1,1,1,1,1,1,1,1,1,1,1,1,1,1,1,1,1,1,1,1,1,1,1,1,4,4,3.7518,3.7454,3.7388,3.735,3.7326,3.7312,3.7307,3.7309,3.7317,3.733,3.7342,4,4,1,1,1,1,1,1,1,1,1,1
1,1,1,1,1,1,1,1,1,1,4,4,3.6492,3.6545,3.6597,3.6636,3.6664,3.6679,3.6684,3.6678,3.6671,3.6654,4,4,1,1,1,1,1,1,1,1,1,1,1,1,1,1,1,1,1,1,1,1,1,1,1,1,1,1,1,1,1,1,1,1,4,4,3.7502,3.7442,3.738,3.7346,3.7323,3.731,3.7305,3.7308,3.732,3.7339,3.7362,4,4,1,1,1,1,1,1,1,1,1
1,1,1,1,1,1,1,1,1,4,4,3.6422,3.6484,3.6554,3.6609,3.6653,3.6683,3.6697,3.6697,3.6691,3.6674,4,4,1,1,1,1,1,1,1,1,1,1,1,1,1,1,1,1,1,1,1,1,1,1,1,1,1,1,1,1,1,1,1,1,1,1,4,4,3.7471,3.742,3.7367,3.7337,3.7316,3.7303,3.7297,3.7303,3.7324,3.7357,3.7404,4,4,1,1,1,1,1,1,1,1
1,1,1,1,1,1,1,1,4,4,3.6349,3.6414,3.6497,3.6571,3.6636,3.6684,3.6713,3.6722,3.6716,3.6696,4,4,1,1,1,1,1,1,1,1,1,1,1,1,1,1,1,1,1,1,1,1,1,1,1,1,1,1,1,1,1,1,1,1,1,1,1,1,4,4,3.7429,3.7392,3.7351,3.7324,3.7302,3.7285,3.7278,3.7289,3.7325,3.7391,3.7485,4,4,1,1,1,1,1,1,1
1,1,1,1,1,1,1,4,4,3.6278,3.6334,3.6421,3.6514,3.6605,3.668,3.6731,3.6754,3.675,3.6725,4,4,1,1,1,1,1,1,1,1,1,1,1,1,1,1,1,1,1,1,1,1,1,1,1,1,1,1,1,1,1,1,1,1,1,1,1,1,1,1,4,4,3.7383,3.7363,3.7332,3.7305,3.7276,3.725,3.7239,3.7257,3.7322,3.7451,3.7631,4,4,1,1,1,1,1,1
1,1,1,1,1,1,4,4,3.6213,3.6243,3.6318,3.6428,3.6551,3.6664,3.6748,3.6795,3.6798,3.6771,4,4,1,1,1,1,1,1,1,1,1,1,1,1,1,1,1,1,1,1,1,1,1,1,1,1,1,1,1,1,1,1,1,1,1,1,1,1,1,1,1,1,4,4,3.7342,3.7336,3.7312,3.7275,3.7228,3.7185,3.7164,3.7195,3.731,3.7547,3.7903,4,4,1,1,1,1,1
1,1,1,1,1,4,4,3.6168,3.6143,3.618,3.6299,3.6459,3.6624,3.676,3.6846,3.687,3.6844,4,4,1,1,1,1,1,1,1,1,1,1,1,1,1,1,1,1,1,1,1,1,1,1,1,1,1,1,1,1,1,1,1,1,1,1,1,1,1,1,1,1,1,1,4,4,3.7316,3.7319,3.7288,3.7227,3.7146,3.7068,3.7029,3.7078,3.7275,3.768,3.8455,4,4,1,1,1,1
1,1,1,1,4,4,3.6173,3.6038,3.5997,3.6106,3.6305,3.6541,3.6757,3.6909,3.6975,3.6958,4,4,1,1,1,1,1,1,1,1,1,1,1,1,1,1,1,1,1,1,1,1,1,1,1,1,1,1,1,1,1,1,1,1,1,1,1,1,1,1,1,1,1,1,1,1,4,4,3.7319,3.732,3.7262,3.7151,3.7005,3.6865,3.6792,3.6862,3.718,3.7762,3.9768,4,1,1,1,1
1,1,1,4,4,3.6283,3.5946,3.5755,3.5819,3.6052,3.638,3.6714,3.6978,3.7125,3.7133,4,4,1,1,1,1,1,1,1,1,1,1,1,1,1,1,1,1,1,1,1,1,1,1,1,1,1,1,1,1,1,1,1,1,1,1,1,1,1,1,1,1,1,1,1,1,1,1,4,4,3.7365,3.7348,3.7228,3.7024,3.6766,3.6525,3.6393,3.6468,3.6937,3.7382,4,4,1,1,1
1,1,4,4,3.6622,3.5891,3.5436,3.5398,3.5647,3.6085,3.6581,3.7036,3.7329,3.7401,4,4,1,1,1,1,1,1,1,1,1,1,1,1,1,1,1,1,1,1,1,1,1,1,1,1,1,1,1,1,1,1,1,1,1,1,1,1,1,1,1,1,1,1,1,1,1,1,1,1,4,4,3.7475,3.7417,3.718,3.6808,3.6371,3.5973,3.5751,3.5798,3.6319,3.6707,4,4,1,1
1,4,4,3.7478,3.5899,3.4997,3.4773,3.5024,3.5584,3.627,3.7024,3.7561,3.7842,4,4,1,1,1,1,1,1,1,1,1,1,1,1,1,1,1,1,1,1,1,1,1,1,1,1,1,1,1,1,1,1,1,1,1,1,1,1,1,1,1,1,1,1,1,1,1,1,1,1,1,1,4,4,3.7699,3.7534,3.7086,3.6433,3.574,3.5127,3.4782,3.4828,3.5598,3.6326,4,4,1
4,4,3.9554,3.5982,3.4358,3.3825,3.4084,3.4809,3.5705,3.6807,3.7616,3.8693,4,4,1,1,1,1,1,1,1,1,1,1,1,1,1,1,1,1,1,1,1,1,1,1,1,1,1,1,1,1,1,1,1,1,1,1,1,1,1,1,1,1,1,1,1,1,1,1,1,1,1,1,1,1,4,4,3.816,3.765,3.6876,3.5794,3.4784,3.3896,3.3423,3.3601,3.5024,3.698,4,4
4,4,3.6267,3.3369,3.2334,3.265,3.3687,3.4888,3.6246,3.7142,4,4,4,1,1,1,1,1,1,1,1,1,1,1,1,1,1,1,1,1,1,1,1,1,1,1,1,1,1,1,1,1,1,1,1,1,1,1,1,1,1,1,1,1,1,1,1,1,1,1,1,1,1,1,1,1,1,4,4,3.9245,3.7449,3.6369,3.4844,3.3423,3.2139,3.1539,3.213,3.4883,4,4
4,3.9144,3.1693,2.9942,3.0376,3.2067,3.3883,3.5687,3.6496,4,4,4,1,1,1,1,1,1,1,1,1,1,1,1,1,1,1,1,1,1,1,1,1,1,1,1,1,1,1,1,1,1,1,1,1,1,1,1,1,1,1,1,1,1,1,1,1,1,1,1,1,1,1,1,1,1,1,1,4,4,4,3.6825,3.5628,3.3592,3.1524,2.9563,2.8835,3.0261,3.6755,4
3.9399,2.9904,2.6007,2.6561,2.9622,3.2687,3.5294,3.6196,4,4,1,1,1,1,1,1,1,1,1,1,1,1,1,1,1,1,1,1,1,1,1,1,1,1,1,1,1,1,1,1,1,1,1,1,1,1,1,1,1,1,1,1,1,1,1,1,1,1,1,1,1,1,1,1,1,1,1,1,1,1,4,4,3.6377,3.5012,3.2077,2.88,2.5533,2.4628,2.7563,3.5455
2.2369,2.005,2.0331,2.5693,3.1077,3.5379,3.7048,4,4,1,1,1,1,1,1,1,1,1,1,1,1,1,1,1,1,1,1,1,1,1,1,1,1,1,1,1,1,1,1,1,1,1,1,1,1,1,1,1,1,1,1,1,1,1,1,1,1,1,1,1,1,1,1,1,1,1,1,1,1,1,1,4,4,3.6927,3.4784,3.0179,2.4592,2,2,2.0338
2,2,2,2.8932,3.7709,4,4,4,1,1,1,1,1,1,1,1,1,1,1,1,1,1,1,1,1,1,1,1,1,1,1,1,1,1,1,1,1,1,1,1,1,1,1,1,1,1,1,1,1,1,1,1,1,1,1,1,1,1,1,1,1,1,1,1,1,1,1,1,1,1,1,1,4,4,4,3.6563,2.7446,2,2,2
2,2,2.1267,3.6968,4,4,4,1,1,1,1,1,1,1,1,1,1,1,1,1,1,1,1,1,1,1,1,1,1,1,1,1,1,1,1,1,1,1,1,1,1,1,1,1,1,1,1,1,1,1,1,1,1,1,1,1,1,1,1,1,1,1,1,1,1,1,1,1,1,1,1,1,1,4,4,4,3.5224,2.0291,2,2
